id,nombre,archivo_fuente,autor,licencia,url_licencia,url_fuente,modificacion
ING-001,Aceituna,Manzanilla olives.jpg,Steven Walling,CC BY-SA 3.0,https://creativecommons.org/licenses/by-sa/3.0/,https://commons.wikimedia.org/wiki/File:Manzanilla_olives.jpg,Redimensionada y convertida a WebP
ING-002,Acelga,Swiss-chard---2024-04-23 03.jpg,RuinDig / Yuki Uchida,CC BY 4.0,https://creativecommons.org/licenses/by/4.0/,https://commons.wikimedia.org/wiki/File:Swiss-chard---2024-04-23_03.jpg,Redimensionada y convertida a WebP
ING-003,Anco,Cucurbita moschata Butternut 2012 G2.jpg,George Chernilevsky,Dominio publico,https://commons.wikimedia.org/wiki/Template:PD-self,https://commons.wikimedia.org/wiki/File:Cucurbita_moschata_Butternut_2012_G2.jpg,Redimensionada y convertida a WebP
ING-004,Apio,"-2021-11-04 Harvested celery head, Trimingham, Norfolk.JPG",Kolforn,CC BY-SA 4.0,https://creativecommons.org/licenses/by-sa/4.0/,"https://commons.wikimedia.org/wiki/File:-2021-11-04_Harvested_celery_head,_Trimingham,_Norfolk.JPG",Redimensionada y convertida a WebP
ING-005,Berro,Watercress (2).JPG,Masparasol,CC BY 3.0,https://creativecommons.org/licenses/by/3.0/,https://commons.wikimedia.org/wiki/File:Watercress_(2).JPG,Redimensionada y convertida a WebP
ING-006,Brocoli,Broccoli (4690879117).jpg,cyclonebill,CC BY-SA 2.0,https://creativecommons.org/licenses/by-sa/2.0/,https://commons.wikimedia.org/wiki/File:Broccoli_(4690879117).jpg,Redimensionada y convertida a WebP
ING-007,Cebolla,Brown onions.jpg,Maksym Kozlenko,CC BY-SA 4.0,https://creativecommons.org/licenses/by-sa/4.0/,https://commons.wikimedia.org/wiki/File:Brown_onions.jpg,Redimensionada y convertida a WebP
ING-008,Cebolla Morada,Whole onion.jpg,darwin Bell,CC BY-SA 2.0,https://creativecommons.org/licenses/by-sa/2.0/,https://commons.wikimedia.org/wiki/File:Whole_onion.jpg,Redimensionada y convertida a WebP
ING-009,Cebollita,Green onions (331495843).jpg,Mack Male,CC BY-SA 2.0,https://creativecommons.org/licenses/by-sa/2.0/,https://commons.wikimedia.org/wiki/File:Green_onions_(331495843).jpg,Redimensionada y convertida a WebP
ING-010,Cherry,Cherry tomatoes - Massachusetts.jpg,Daderot,CC0 1.0,https://creativecommons.org/publicdomain/zero/1.0/,https://commons.wikimedia.org/wiki/File:Cherry_tomatoes_-_Massachusetts.jpg,Redimensionada y convertida a WebP
ING-011,Choclo,Choclo sobre mesa.jpg,Rdrg109,CC BY-SA 4.0,https://creativecommons.org/licenses/by-sa/4.0/,https://commons.wikimedia.org/wiki/File:Choclo_sobre_mesa.jpg,Redimensionada y convertida a WebP
ING-013,Lechugas,Romaine lettuce.jpg,Rainer Zenz,CC BY-SA 3.0,https://creativecommons.org/licenses/by-sa/3.0/,https://commons.wikimedia.org/wiki/File:Romaine_lettuce.jpg,Redimensionada y convertida a WebP
ING-017,Nuez,A walnut out of the shell.jpg,Wikipropro 99,CC BY-SA 4.0,https://creativecommons.org/licenses/by-sa/4.0/,https://commons.wikimedia.org/wiki/File:A_walnut_out_of_the_shell.jpg,Redimensionada y convertida a WebP
ING-018,Puerro,Liat Portal for Foodie Disorder - Leek.jpg,HaJunkiyada,CC BY-SA 4.0,https://creativecommons.org/licenses/by-sa/4.0/,https://commons.wikimedia.org/wiki/File:Liat_Portal_for_Foodie_Disorder_-_Leek.jpg,Redimensionada y convertida a WebP
ING-019,Queso Parmesano,"Parmigiano Reggiano, Italien, Europaische Union.jpg",Naturpuur,CC BY-SA 4.0,https://creativecommons.org/licenses/by-sa/4.0/,"https://commons.wikimedia.org/wiki/File:Parmigiano_Reggiano,_Italien,_Europ%C3%A4ische_Union.jpg",Redimensionada y convertida a WebP
ING-020,Remolacha,Beets-Bundle.jpg,Evan-Amos,CC0 1.0,https://creativecommons.org/publicdomain/zero/1.0/,https://commons.wikimedia.org/wiki/File:Beets-Bundle.jpg,Redimensionada y convertida a WebP
ING-021,Repollo Blanco,Chou cabus blanc 01.jpg,Coyau,CC BY-SA 3.0,https://creativecommons.org/licenses/by-sa/3.0/,https://commons.wikimedia.org/wiki/File:Chou_cabus_blanc_01.jpg,Redimensionada y convertida a WebP
ING-022,Repollo Morado,Chou cabus rouge 01.jpg,Coyau,CC BY-SA 3.0,https://creativecommons.org/licenses/by-sa/3.0/,https://commons.wikimedia.org/wiki/File:Chou_cabus_rouge_01.jpg,Redimensionada y convertida a WebP
ING-023,Rucula,Arugula (51107429934).jpg,Peter Burka,CC BY-SA 2.0,https://creativecommons.org/licenses/by-sa/2.0/,https://commons.wikimedia.org/wiki/File:Arugula_(51107429934).jpg,Redimensionada y convertida a WebP
ING-030,Tomate deshidratado,Sun-dried tomatoes.jpg,Andrew Deacon,CC BY 2.0,https://creativecommons.org/licenses/by/2.0/,https://commons.wikimedia.org/wiki/File:Sun-dried_tomatoes.jpg,Redimensionada y convertida a WebP
ING-031,Zanahoria,Vegetable-Carrot-Bundle-wStalks.jpg,Evan-Amos,Dominio publico,https://commons.wikimedia.org/wiki/Template:PD-self,https://commons.wikimedia.org/wiki/File:Vegetable-Carrot-Bundle-wStalks.jpg,Redimensionada y convertida a WebP
ING-032,Zapallo de Tronco,Cucurbita maxima Zapallito Group - fruit from cultivar with light stripes.jpg,RoRo,CC0 1.0,https://creativecommons.org/publicdomain/zero/1.0/,https://commons.wikimedia.org/wiki/File:Cucurbita_maxima_Zapallito_Group_-_fruit_from_cultivar_with_light_stripes.jpg,Redimensionada y convertida a WebP
ING-033,Zucchini,Zucchini-Whole.jpg,Evan-Amos,Dominio publico,https://commons.wikimedia.org/wiki/Template:PD-self,https://commons.wikimedia.org/wiki/File:Zucchini-Whole.jpg,Redimensionada y convertida a WebP
ING-066,Mix Semillas,Seeds - sunflower and cucurbita seeds. img 01.jpg,Dmitry Makeev,CC BY-SA 4.0,https://creativecommons.org/licenses/by-sa/4.0/,https://commons.wikimedia.org/wiki/File:Seeds_-_sunflower_and_cucurbita_seeds._img_01.jpg,Redimensionada y convertida a WebP
ING-069,Aji,Box of Chilis (Unsplash).jpg,Jonathan Niederhoffer,CC0 1.0,https://creativecommons.org/publicdomain/zero/1.0/,https://commons.wikimedia.org/wiki/File:Box_of_Chilis_(Unsplash).jpg,Redimensionada y convertida a WebP
ING-070,Croutons,Croutons.jpg,Aaron Headly,CC BY 2.0,https://creativecommons.org/licenses/by/2.0/,https://commons.wikimedia.org/wiki/File:Croutons.jpg,Redimensionada y convertida a WebP
ING-077,Mandioca,Cassava roots.jpg,MEvalyn,CC BY-SA 4.0,https://creativecommons.org/licenses/by-sa/4.0/,https://commons.wikimedia.org/wiki/File:Cassava_roots.jpg,Redimensionada y convertida a WebP
INS-001,Pote para ensalada con tapa,Envase tarrina bisagra plastico pet transparente.jpg,David.estan,CC BY-SA 4.0,https://creativecommons.org/licenses/by-sa/4.0/,https://commons.wikimedia.org/wiki/File:Envase_tarrina_bisagra_plastico_pet_transparente.jpg,Redimensionada y convertida a WebP
INS-002,Bolsa para verduras con cierre,Transparent zipper storage bag with orange zip - 25 x 17 cm - B.jpg,Fructibus,CC0 1.0,https://creativecommons.org/publicdomain/zero/1.0/,https://commons.wikimedia.org/wiki/File:Transparent_zipper_storage_bag_with_orange_zip_-_25_x_17_cm_-_B.jpg,Redimensionada y convertida a WebP
